<application>
  <component name="CodeFoldingSettings">
    <option name="COLLAPSE_METHODS" value="true" />
    <option name="COLLAPSE_DOC_COMMENTS" value="true" />
  </component>
  <component name="CodeInsightSettings">
    <option name="SHOW_PARAMETER_NAME_HINTS_ON_COMPLETION" value="true" />
    <option name="AUTO_POPUP_JAVADOC_INFO" value="true" />
  </component>
  <component name="DaemonCodeAnalyzerSettings" profile="Custom" />
  <component name="PhpCodeFoldingSettings">
    <option name="COLLAPSE_FUNCTION_BODY" value="true" />
    <option name="COLLAPSE_METHOD_BODY" value="true" />
  </component>
</application>