<?xml version="1.0" encoding="UTF-8"?>
<!DOCTYPE codetemplates PUBLIC "-//NetBeans//DTD Editor Code Templates settings 1.0//EN" "http://www.netbeans.org/dtds/EditorCodeTemplates-1_0.dtd">
<codetemplates>
    <codetemplate abbreviation="df" remove="true"/>
    <codetemplate abbreviation="pr" remove="true"/>
    <codetemplate abbreviation="eif" remove="true"/>
    <codetemplate abbreviation="lo" remove="true"/>
    <codetemplate abbreviation="def" remove="true"/>
    <codetemplate abbreviation="ty" remove="true"/>
    <codetemplate abbreviation="pu" remove="true"/>
    <codetemplate abbreviation="ns" remove="true"/>
    <codetemplate abbreviation="fl" remove="true"/>
    <codetemplate abbreviation="dou" remove="true"/>
    <codetemplate abbreviation="fore" remove="true"/>
    <codetemplate abbreviation="wc" remove="true"/>
    <codetemplate abbreviation="bo" remove="true"/>
    <codetemplate abbreviation="br" remove="true"/>
    <codetemplate abbreviation="voi" remove="true"/>
    <codetemplate abbreviation="wh" remove="true"/>
    <codetemplate abbreviation="sh" remove="true"/>
    <codetemplate abbreviation="pra" remove="true"/>
    <codetemplate abbreviation="ca" remove="true"/>
    <codetemplate abbreviation="inc" remove="true"/>
    <codetemplate abbreviation="st" remove="true"/>
    <codetemplate abbreviation="sw" remove="true"/>
    <codetemplate abbreviation="ifd" remove="true"/>
    <codetemplate abbreviation="clss" remove="true"/>
    <codetemplate abbreviation="iff" remove="true"/>
    <codetemplate abbreviation="en" remove="true"/>
    <codetemplate abbreviation="ife" remove="true"/>
    <codetemplate abbreviation="cl" remove="true"/>
    <codetemplate abbreviation="cn" remove="true"/>
    <codetemplate abbreviation="cls" remove="true"/>
    <codetemplate abbreviation="co" remove="true"/>
    <codetemplate abbreviation="er" remove="true"/>
    <codetemplate abbreviation="ifn" remove="true"/>
    <codetemplate abbreviation="fori" remove="true"/>
    <codetemplate abbreviation="uni" remove="true"/>
    <codetemplate abbreviation="re" remove="true"/>
    <codetemplate abbreviation="fcom" remove="true"/>
    <codetemplate abbreviation="pe" remove="true"/>
    <codetemplate abbreviation="uns" remove="true"/>
    <codetemplate abbreviation="fa" remove="true"/>
    <codetemplate abbreviation="tr" remove="true"/>
</codetemplates>
