<application>
  <component name="FileTypeManager" version="17">
    <extensionMap>
      <mapping pattern="Jenkinsfile" type="Groovy" />
      <mapping pattern="config_chrome_desktop" type="JSON" />
      <mapping ext="gradle.kts" type="Kotlin" />
      <mapping ext="j2" type="Native" />
      <mapping pattern=".graphite-htpasswd" type="PLAIN_TEXT" />
      <mapping pattern="htpasswd" type="PLAIN_TEXT" />
      <mapping pattern="config_chrome_mobile" type="PLAIN_TEXT" />
      <mapping ext="dist" type="PLAIN_TEXT" />
      <mapping ext="gen" type="PLAIN_TEXT" />
      <mapping ext="phml" type="PLAIN_TEXT" />
      <removed_mapping ext="cmd" approved="true" type="PLAIN_TEXT" />
      <removed_mapping ext="log" approved="true" type="PLAIN_TEXT" />
      <removed_mapping ext="bat" approved="true" type="PLAIN_TEXT" />
      <mapping ext="xlf" type="XML" />
      <removed_mapping pattern="Jenkinsfile" approved="true" type="PLAIN_TEXT" />
      <removed_mapping ext="bat" approved="true" type="PLAIN_TEXT" />
      <removed_mapping ext="log" approved="true" type="PLAIN_TEXT" />
      <removed_mapping ext="dockerfile" approved="true" type="textmate" />
      <removed_mapping ext="makefile" approved="true" type="textmate" />
      <removed_mapping ext="cmd" approved="true" type="PLAIN_TEXT" />
      <removed_mapping ext="snakefile" approved="true" type="textmate" />
    </extensionMap>
  </component>
</application>