<application>
  <component name="ProjectJdkTable">
    <jdk version="2">
      <name value="11" />
      <type value="JavaSDK" />
      <version value="java version &quot;11.0.3&quot;" />
      <homePath value="/usr/lib/jvm/java-1.11.0-openjdk-amd64" />
      <roots>
        <annotationsPath>
          <root type="composite">
            <root url="jar://$APPLICATION_HOME_DIR$/lib/jdkAnnotations.jar!/" type="simple" />
          </root>
        </annotationsPath>
        <classPath>
          <root type="composite">
            <root url="jrt:///usr/lib/jvm/java-1.11.0-openjdk-amd64!/java.base" type="simple" />
            <root url="jrt:///usr/lib/jvm/java-1.11.0-openjdk-amd64!/java.compiler" type="simple" />
            <root url="jrt:///usr/lib/jvm/java-1.11.0-openjdk-amd64!/java.datatransfer" type="simple" />
            <root url="jrt:///usr/lib/jvm/java-1.11.0-openjdk-amd64!/java.desktop" type="simple" />
            <root url="jrt:///usr/lib/jvm/java-1.11.0-openjdk-amd64!/java.instrument" type="simple" />
            <root url="jrt:///usr/lib/jvm/java-1.11.0-openjdk-amd64!/java.logging" type="simple" />
            <root url="jrt:///usr/lib/jvm/java-1.11.0-openjdk-amd64!/java.management" type="simple" />
            <root url="jrt:///usr/lib/jvm/java-1.11.0-openjdk-amd64!/java.management.rmi" type="simple" />
            <root url="jrt:///usr/lib/jvm/java-1.11.0-openjdk-amd64!/java.naming" type="simple" />
            <root url="jrt:///usr/lib/jvm/java-1.11.0-openjdk-amd64!/java.net.http" type="simple" />
            <root url="jrt:///usr/lib/jvm/java-1.11.0-openjdk-amd64!/java.prefs" type="simple" />
            <root url="jrt:///usr/lib/jvm/java-1.11.0-openjdk-amd64!/java.rmi" type="simple" />
            <root url="jrt:///usr/lib/jvm/java-1.11.0-openjdk-amd64!/java.scripting" type="simple" />
            <root url="jrt:///usr/lib/jvm/java-1.11.0-openjdk-amd64!/java.se" type="simple" />
            <root url="jrt:///usr/lib/jvm/java-1.11.0-openjdk-amd64!/java.security.jgss" type="simple" />
            <root url="jrt:///usr/lib/jvm/java-1.11.0-openjdk-amd64!/java.security.sasl" type="simple" />
            <root url="jrt:///usr/lib/jvm/java-1.11.0-openjdk-amd64!/java.smartcardio" type="simple" />
            <root url="jrt:///usr/lib/jvm/java-1.11.0-openjdk-amd64!/java.sql" type="simple" />
            <root url="jrt:///usr/lib/jvm/java-1.11.0-openjdk-amd64!/java.sql.rowset" type="simple" />
            <root url="jrt:///usr/lib/jvm/java-1.11.0-openjdk-amd64!/java.transaction.xa" type="simple" />
            <root url="jrt:///usr/lib/jvm/java-1.11.0-openjdk-amd64!/java.xml" type="simple" />
            <root url="jrt:///usr/lib/jvm/java-1.11.0-openjdk-amd64!/java.xml.crypto" type="simple" />
            <root url="jrt:///usr/lib/jvm/java-1.11.0-openjdk-amd64!/jdk.accessibility" type="simple" />
            <root url="jrt:///usr/lib/jvm/java-1.11.0-openjdk-amd64!/jdk.aot" type="simple" />
            <root url="jrt:///usr/lib/jvm/java-1.11.0-openjdk-amd64!/jdk.attach" type="simple" />
            <root url="jrt:///usr/lib/jvm/java-1.11.0-openjdk-amd64!/jdk.charsets" type="simple" />
            <root url="jrt:///usr/lib/jvm/java-1.11.0-openjdk-amd64!/jdk.compiler" type="simple" />
            <root url="jrt:///usr/lib/jvm/java-1.11.0-openjdk-amd64!/jdk.crypto.cryptoki" type="simple" />
            <root url="jrt:///usr/lib/jvm/java-1.11.0-openjdk-amd64!/jdk.crypto.ec" type="simple" />
            <root url="jrt:///usr/lib/jvm/java-1.11.0-openjdk-amd64!/jdk.dynalink" type="simple" />
            <root url="jrt:///usr/lib/jvm/java-1.11.0-openjdk-amd64!/jdk.editpad" type="simple" />
            <root url="jrt:///usr/lib/jvm/java-1.11.0-openjdk-amd64!/jdk.hotspot.agent" type="simple" />
            <root url="jrt:///usr/lib/jvm/java-1.11.0-openjdk-amd64!/jdk.httpserver" type="simple" />
            <root url="jrt:///usr/lib/jvm/java-1.11.0-openjdk-amd64!/jdk.internal.ed" type="simple" />
            <root url="jrt:///usr/lib/jvm/java-1.11.0-openjdk-amd64!/jdk.internal.jvmstat" type="simple" />
            <root url="jrt:///usr/lib/jvm/java-1.11.0-openjdk-amd64!/jdk.internal.le" type="simple" />
            <root url="jrt:///usr/lib/jvm/java-1.11.0-openjdk-amd64!/jdk.internal.opt" type="simple" />
            <root url="jrt:///usr/lib/jvm/java-1.11.0-openjdk-amd64!/jdk.internal.vm.ci" type="simple" />
            <root url="jrt:///usr/lib/jvm/java-1.11.0-openjdk-amd64!/jdk.internal.vm.compiler" type="simple" />
            <root url="jrt:///usr/lib/jvm/java-1.11.0-openjdk-amd64!/jdk.internal.vm.compiler.management" type="simple" />
            <root url="jrt:///usr/lib/jvm/java-1.11.0-openjdk-amd64!/jdk.jartool" type="simple" />
            <root url="jrt:///usr/lib/jvm/java-1.11.0-openjdk-amd64!/jdk.javadoc" type="simple" />
            <root url="jrt:///usr/lib/jvm/java-1.11.0-openjdk-amd64!/jdk.jcmd" type="simple" />
            <root url="jrt:///usr/lib/jvm/java-1.11.0-openjdk-amd64!/jdk.jconsole" type="simple" />
            <root url="jrt:///usr/lib/jvm/java-1.11.0-openjdk-amd64!/jdk.jdeps" type="simple" />
            <root url="jrt:///usr/lib/jvm/java-1.11.0-openjdk-amd64!/jdk.jdi" type="simple" />
            <root url="jrt:///usr/lib/jvm/java-1.11.0-openjdk-amd64!/jdk.jdwp.agent" type="simple" />
            <root url="jrt:///usr/lib/jvm/java-1.11.0-openjdk-amd64!/jdk.jfr" type="simple" />
            <root url="jrt:///usr/lib/jvm/java-1.11.0-openjdk-amd64!/jdk.jlink" type="simple" />
            <root url="jrt:///usr/lib/jvm/java-1.11.0-openjdk-amd64!/jdk.jshell" type="simple" />
            <root url="jrt:///usr/lib/jvm/java-1.11.0-openjdk-amd64!/jdk.jsobject" type="simple" />
            <root url="jrt:///usr/lib/jvm/java-1.11.0-openjdk-amd64!/jdk.jstatd" type="simple" />
            <root url="jrt:///usr/lib/jvm/java-1.11.0-openjdk-amd64!/jdk.localedata" type="simple" />
            <root url="jrt:///usr/lib/jvm/java-1.11.0-openjdk-amd64!/jdk.management" type="simple" />
            <root url="jrt:///usr/lib/jvm/java-1.11.0-openjdk-amd64!/jdk.management.agent" type="simple" />
            <root url="jrt:///usr/lib/jvm/java-1.11.0-openjdk-amd64!/jdk.management.jfr" type="simple" />
            <root url="jrt:///usr/lib/jvm/java-1.11.0-openjdk-amd64!/jdk.naming.dns" type="simple" />
            <root url="jrt:///usr/lib/jvm/java-1.11.0-openjdk-amd64!/jdk.naming.rmi" type="simple" />
            <root url="jrt:///usr/lib/jvm/java-1.11.0-openjdk-amd64!/jdk.net" type="simple" />
            <root url="jrt:///usr/lib/jvm/java-1.11.0-openjdk-amd64!/jdk.pack" type="simple" />
            <root url="jrt:///usr/lib/jvm/java-1.11.0-openjdk-amd64!/jdk.rmic" type="simple" />
            <root url="jrt:///usr/lib/jvm/java-1.11.0-openjdk-amd64!/jdk.scripting.nashorn" type="simple" />
            <root url="jrt:///usr/lib/jvm/java-1.11.0-openjdk-amd64!/jdk.scripting.nashorn.shell" type="simple" />
            <root url="jrt:///usr/lib/jvm/java-1.11.0-openjdk-amd64!/jdk.sctp" type="simple" />
            <root url="jrt:///usr/lib/jvm/java-1.11.0-openjdk-amd64!/jdk.security.auth" type="simple" />
            <root url="jrt:///usr/lib/jvm/java-1.11.0-openjdk-amd64!/jdk.security.jgss" type="simple" />
            <root url="jrt:///usr/lib/jvm/java-1.11.0-openjdk-amd64!/jdk.unsupported" type="simple" />
            <root url="jrt:///usr/lib/jvm/java-1.11.0-openjdk-amd64!/jdk.unsupported.desktop" type="simple" />
            <root url="jrt:///usr/lib/jvm/java-1.11.0-openjdk-amd64!/jdk.xml.dom" type="simple" />
            <root url="jrt:///usr/lib/jvm/java-1.11.0-openjdk-amd64!/jdk.zipfs" type="simple" />
          </root>
        </classPath>
        <javadocPath>
          <root type="composite">
            <root url="https://docs.oracle.com/en/java/javase/11/docs/api/" type="simple" />
          </root>
        </javadocPath>
        <sourcePath>
          <root type="composite" />
        </sourcePath>
      </roots>
      <additional />
    </jdk>
    <jdk version="2">
      <name value="Python 3.6 (cms-python)" />
      <type value="Python SDK" />
      <version value="Python 3.6.8" />
      <homePath value="$USER_HOME$/git/pveu/cms-python/venv/bin/python" />
      <roots>
        <annotationsPath>
          <root type="composite" />
        </annotationsPath>
        <classPath>
          <root type="composite">
            <root url="file:///usr/lib/python3.6" type="simple" />
            <root url="file:///usr/lib/python3.6/lib-dynload" type="simple" />
            <root url="file://$USER_HOME$/git/pveu/cms-python/venv/lib/python3.6/site-packages" type="simple" />
            <root url="jar://$USER_HOME$/git/pveu/cms-python/venv/lib/python3.6/site-packages/setuptools-40.8.0-py3.6.egg!/" type="simple" />
            <root url="file://$USER_HOME$/git/pveu/cms-python/venv/lib/python3.6/site-packages/pip-19.0.3-py3.6.egg" type="simple" />
            <root url="file://$USER_HOME$/.IntelliJIdea2019.1/system/python_stubs/-945832379" type="simple" />
            <root url="file://$APPLICATION_PLUGINS_DIR$/python/helpers/python-skeletons" type="simple" />
            <root url="file://$APPLICATION_PLUGINS_DIR$/python/helpers/typeshed/stdlib/3" type="simple" />
            <root url="file://$APPLICATION_PLUGINS_DIR$/python/helpers/typeshed/stdlib/2and3" type="simple" />
            <root url="file://$APPLICATION_PLUGINS_DIR$/python/helpers/typeshed/third_party/3" type="simple" />
            <root url="file://$APPLICATION_PLUGINS_DIR$/python/helpers/typeshed/third_party/2and3" type="simple" />
          </root>
        </classPath>
        <javadocPath>
          <root type="composite" />
        </javadocPath>
        <sourcePath>
          <root type="composite" />
        </sourcePath>
      </roots>
      <additional />
    </jdk>
    <jdk version="2">
      <name value="1.8" />
      <type value="JavaSDK" />
      <version value="java version &quot;1.8.0_212&quot;" />
      <homePath value="/usr/lib/jvm/java-8-openjdk-amd64" />
      <roots>
        <annotationsPath>
          <root type="composite">
            <root url="jar://$APPLICATION_HOME_DIR$/lib/jdkAnnotations.jar!/" type="simple" />
            <root url="jar://$APPLICATION_HOME_DIR$/plugins/java/lib/jdkAnnotations.jar!/" type="simple" />
          </root>
        </annotationsPath>
        <classPath>
          <root type="composite">
            <root url="jar:///usr/lib/jvm/java-8-openjdk-amd64/jre/lib/charsets.jar!/" type="simple" />
            <root url="jar:///usr/lib/jvm/java-8-openjdk-amd64/jre/lib/ext/cldrdata.jar!/" type="simple" />
            <root url="jar:///usr/lib/jvm/java-8-openjdk-amd64/jre/lib/ext/dnsns.jar!/" type="simple" />
            <root url="jar:///usr/lib/jvm/java-8-openjdk-amd64/jre/lib/ext/icedtea-sound.jar!/" type="simple" />
            <root url="jar:///usr/lib/jvm/java-8-openjdk-amd64/jre/lib/ext/jaccess.jar!/" type="simple" />
            <root url="jar:///usr/lib/jvm/java-8-openjdk-amd64/jre/lib/ext/java-atk-wrapper.jar!/" type="simple" />
            <root url="jar:///usr/lib/jvm/java-8-openjdk-amd64/jre/lib/ext/localedata.jar!/" type="simple" />
            <root url="jar:///usr/lib/jvm/java-8-openjdk-amd64/jre/lib/ext/nashorn.jar!/" type="simple" />
            <root url="jar:///usr/lib/jvm/java-8-openjdk-amd64/jre/lib/ext/sunec.jar!/" type="simple" />
            <root url="jar:///usr/lib/jvm/java-8-openjdk-amd64/jre/lib/ext/sunjce_provider.jar!/" type="simple" />
            <root url="jar:///usr/lib/jvm/java-8-openjdk-amd64/jre/lib/ext/sunpkcs11.jar!/" type="simple" />
            <root url="jar:///usr/lib/jvm/java-8-openjdk-amd64/jre/lib/ext/zipfs.jar!/" type="simple" />
            <root url="jar:///usr/lib/jvm/java-8-openjdk-amd64/jre/lib/jce.jar!/" type="simple" />
            <root url="jar:///usr/lib/jvm/java-8-openjdk-amd64/jre/lib/jsse.jar!/" type="simple" />
            <root url="jar:///usr/lib/jvm/java-8-openjdk-amd64/jre/lib/management-agent.jar!/" type="simple" />
            <root url="jar:///usr/lib/jvm/java-8-openjdk-amd64/jre/lib/resources.jar!/" type="simple" />
            <root url="jar:///usr/lib/jvm/java-8-openjdk-amd64/jre/lib/rt.jar!/" type="simple" />
          </root>
        </classPath>
        <javadocPath>
          <root type="composite">
            <root url="https://docs.oracle.com/javase/8/docs/api/" type="simple" />
          </root>
        </javadocPath>
        <sourcePath>
          <root type="composite" />
        </sourcePath>
      </roots>
      <additional />
    </jdk>
    <jdk version="2">
      <name value="12" />
      <type value="JavaSDK" />
      <version value="java version &quot;12.0.2&quot;" />
      <homePath value="/usr/lib/jvm/java-12-oracle" />
      <roots>
        <annotationsPath>
          <root type="composite">
            <root url="jar://$APPLICATION_HOME_DIR$/plugins/java/lib/jdkAnnotations.jar!/" type="simple" />
          </root>
        </annotationsPath>
        <classPath>
          <root type="composite">
            <root url="jrt:///usr/lib/jvm/java-12-oracle!/java.base" type="simple" />
            <root url="jrt:///usr/lib/jvm/java-12-oracle!/java.compiler" type="simple" />
            <root url="jrt:///usr/lib/jvm/java-12-oracle!/java.datatransfer" type="simple" />
            <root url="jrt:///usr/lib/jvm/java-12-oracle!/java.desktop" type="simple" />
            <root url="jrt:///usr/lib/jvm/java-12-oracle!/java.instrument" type="simple" />
            <root url="jrt:///usr/lib/jvm/java-12-oracle!/java.logging" type="simple" />
            <root url="jrt:///usr/lib/jvm/java-12-oracle!/java.management" type="simple" />
            <root url="jrt:///usr/lib/jvm/java-12-oracle!/java.management.rmi" type="simple" />
            <root url="jrt:///usr/lib/jvm/java-12-oracle!/java.naming" type="simple" />
            <root url="jrt:///usr/lib/jvm/java-12-oracle!/java.net.http" type="simple" />
            <root url="jrt:///usr/lib/jvm/java-12-oracle!/java.prefs" type="simple" />
            <root url="jrt:///usr/lib/jvm/java-12-oracle!/java.rmi" type="simple" />
            <root url="jrt:///usr/lib/jvm/java-12-oracle!/java.scripting" type="simple" />
            <root url="jrt:///usr/lib/jvm/java-12-oracle!/java.se" type="simple" />
            <root url="jrt:///usr/lib/jvm/java-12-oracle!/java.security.jgss" type="simple" />
            <root url="jrt:///usr/lib/jvm/java-12-oracle!/java.security.sasl" type="simple" />
            <root url="jrt:///usr/lib/jvm/java-12-oracle!/java.smartcardio" type="simple" />
            <root url="jrt:///usr/lib/jvm/java-12-oracle!/java.sql" type="simple" />
            <root url="jrt:///usr/lib/jvm/java-12-oracle!/java.sql.rowset" type="simple" />
            <root url="jrt:///usr/lib/jvm/java-12-oracle!/java.transaction.xa" type="simple" />
            <root url="jrt:///usr/lib/jvm/java-12-oracle!/java.xml" type="simple" />
            <root url="jrt:///usr/lib/jvm/java-12-oracle!/java.xml.crypto" type="simple" />
            <root url="jrt:///usr/lib/jvm/java-12-oracle!/jdk.accessibility" type="simple" />
            <root url="jrt:///usr/lib/jvm/java-12-oracle!/jdk.aot" type="simple" />
            <root url="jrt:///usr/lib/jvm/java-12-oracle!/jdk.attach" type="simple" />
            <root url="jrt:///usr/lib/jvm/java-12-oracle!/jdk.charsets" type="simple" />
            <root url="jrt:///usr/lib/jvm/java-12-oracle!/jdk.compiler" type="simple" />
            <root url="jrt:///usr/lib/jvm/java-12-oracle!/jdk.crypto.cryptoki" type="simple" />
            <root url="jrt:///usr/lib/jvm/java-12-oracle!/jdk.crypto.ec" type="simple" />
            <root url="jrt:///usr/lib/jvm/java-12-oracle!/jdk.dynalink" type="simple" />
            <root url="jrt:///usr/lib/jvm/java-12-oracle!/jdk.editpad" type="simple" />
            <root url="jrt:///usr/lib/jvm/java-12-oracle!/jdk.hotspot.agent" type="simple" />
            <root url="jrt:///usr/lib/jvm/java-12-oracle!/jdk.httpserver" type="simple" />
            <root url="jrt:///usr/lib/jvm/java-12-oracle!/jdk.internal.ed" type="simple" />
            <root url="jrt:///usr/lib/jvm/java-12-oracle!/jdk.internal.jvmstat" type="simple" />
            <root url="jrt:///usr/lib/jvm/java-12-oracle!/jdk.internal.le" type="simple" />
            <root url="jrt:///usr/lib/jvm/java-12-oracle!/jdk.internal.opt" type="simple" />
            <root url="jrt:///usr/lib/jvm/java-12-oracle!/jdk.internal.vm.ci" type="simple" />
            <root url="jrt:///usr/lib/jvm/java-12-oracle!/jdk.internal.vm.compiler" type="simple" />
            <root url="jrt:///usr/lib/jvm/java-12-oracle!/jdk.internal.vm.compiler.management" type="simple" />
            <root url="jrt:///usr/lib/jvm/java-12-oracle!/jdk.jartool" type="simple" />
            <root url="jrt:///usr/lib/jvm/java-12-oracle!/jdk.javadoc" type="simple" />
            <root url="jrt:///usr/lib/jvm/java-12-oracle!/jdk.jcmd" type="simple" />
            <root url="jrt:///usr/lib/jvm/java-12-oracle!/jdk.jconsole" type="simple" />
            <root url="jrt:///usr/lib/jvm/java-12-oracle!/jdk.jdeps" type="simple" />
            <root url="jrt:///usr/lib/jvm/java-12-oracle!/jdk.jdi" type="simple" />
            <root url="jrt:///usr/lib/jvm/java-12-oracle!/jdk.jdwp.agent" type="simple" />
            <root url="jrt:///usr/lib/jvm/java-12-oracle!/jdk.jfr" type="simple" />
            <root url="jrt:///usr/lib/jvm/java-12-oracle!/jdk.jlink" type="simple" />
            <root url="jrt:///usr/lib/jvm/java-12-oracle!/jdk.jshell" type="simple" />
            <root url="jrt:///usr/lib/jvm/java-12-oracle!/jdk.jsobject" type="simple" />
            <root url="jrt:///usr/lib/jvm/java-12-oracle!/jdk.jstatd" type="simple" />
            <root url="jrt:///usr/lib/jvm/java-12-oracle!/jdk.localedata" type="simple" />
            <root url="jrt:///usr/lib/jvm/java-12-oracle!/jdk.management" type="simple" />
            <root url="jrt:///usr/lib/jvm/java-12-oracle!/jdk.management.agent" type="simple" />
            <root url="jrt:///usr/lib/jvm/java-12-oracle!/jdk.management.jfr" type="simple" />
            <root url="jrt:///usr/lib/jvm/java-12-oracle!/jdk.naming.dns" type="simple" />
            <root url="jrt:///usr/lib/jvm/java-12-oracle!/jdk.naming.rmi" type="simple" />
            <root url="jrt:///usr/lib/jvm/java-12-oracle!/jdk.net" type="simple" />
            <root url="jrt:///usr/lib/jvm/java-12-oracle!/jdk.pack" type="simple" />
            <root url="jrt:///usr/lib/jvm/java-12-oracle!/jdk.rmic" type="simple" />
            <root url="jrt:///usr/lib/jvm/java-12-oracle!/jdk.scripting.nashorn" type="simple" />
            <root url="jrt:///usr/lib/jvm/java-12-oracle!/jdk.scripting.nashorn.shell" type="simple" />
            <root url="jrt:///usr/lib/jvm/java-12-oracle!/jdk.sctp" type="simple" />
            <root url="jrt:///usr/lib/jvm/java-12-oracle!/jdk.security.auth" type="simple" />
            <root url="jrt:///usr/lib/jvm/java-12-oracle!/jdk.security.jgss" type="simple" />
            <root url="jrt:///usr/lib/jvm/java-12-oracle!/jdk.unsupported" type="simple" />
            <root url="jrt:///usr/lib/jvm/java-12-oracle!/jdk.unsupported.desktop" type="simple" />
            <root url="jrt:///usr/lib/jvm/java-12-oracle!/jdk.xml.dom" type="simple" />
            <root url="jrt:///usr/lib/jvm/java-12-oracle!/jdk.zipfs" type="simple" />
          </root>
        </classPath>
        <javadocPath>
          <root type="composite" />
        </javadocPath>
        <sourcePath>
          <root type="composite">
            <root url="jar:///usr/lib/jvm/java-12-oracle/lib/src.zip!/java.se" type="simple" />
            <root url="jar:///usr/lib/jvm/java-12-oracle/lib/src.zip!/jdk.aot" type="simple" />
            <root url="jar:///usr/lib/jvm/java-12-oracle/lib/src.zip!/jdk.jdi" type="simple" />
            <root url="jar:///usr/lib/jvm/java-12-oracle/lib/src.zip!/jdk.jfr" type="simple" />
            <root url="jar:///usr/lib/jvm/java-12-oracle/lib/src.zip!/jdk.net" type="simple" />
            <root url="jar:///usr/lib/jvm/java-12-oracle/lib/src.zip!/java.rmi" type="simple" />
            <root url="jar:///usr/lib/jvm/java-12-oracle/lib/src.zip!/java.sql" type="simple" />
            <root url="jar:///usr/lib/jvm/java-12-oracle/lib/src.zip!/java.xml" type="simple" />
            <root url="jar:///usr/lib/jvm/java-12-oracle/lib/src.zip!/jdk.jcmd" type="simple" />
            <root url="jar:///usr/lib/jvm/java-12-oracle/lib/src.zip!/jdk.pack" type="simple" />
            <root url="jar:///usr/lib/jvm/java-12-oracle/lib/src.zip!/jdk.rmic" type="simple" />
            <root url="jar:///usr/lib/jvm/java-12-oracle/lib/src.zip!/jdk.sctp" type="simple" />
            <root url="jar:///usr/lib/jvm/java-12-oracle/lib/src.zip!/java.base" type="simple" />
            <root url="jar:///usr/lib/jvm/java-12-oracle/lib/src.zip!/jdk.jdeps" type="simple" />
            <root url="jar:///usr/lib/jvm/java-12-oracle/lib/src.zip!/jdk.jlink" type="simple" />
            <root url="jar:///usr/lib/jvm/java-12-oracle/lib/src.zip!/jdk.zipfs" type="simple" />
            <root url="jar:///usr/lib/jvm/java-12-oracle/lib/src.zip!/java.prefs" type="simple" />
            <root url="jar:///usr/lib/jvm/java-12-oracle/lib/src.zip!/jdk.attach" type="simple" />
            <root url="jar:///usr/lib/jvm/java-12-oracle/lib/src.zip!/jdk.jshell" type="simple" />
            <root url="jar:///usr/lib/jvm/java-12-oracle/lib/src.zip!/jdk.jstatd" type="simple" />
            <root url="jar:///usr/lib/jvm/java-12-oracle/lib/src.zip!/java.naming" type="simple" />
            <root url="jar:///usr/lib/jvm/java-12-oracle/lib/src.zip!/jdk.editpad" type="simple" />
            <root url="jar:///usr/lib/jvm/java-12-oracle/lib/src.zip!/jdk.jartool" type="simple" />
            <root url="jar:///usr/lib/jvm/java-12-oracle/lib/src.zip!/jdk.javadoc" type="simple" />
            <root url="jar:///usr/lib/jvm/java-12-oracle/lib/src.zip!/jdk.xml.dom" type="simple" />
            <root url="jar:///usr/lib/jvm/java-12-oracle/lib/src.zip!/java.desktop" type="simple" />
            <root url="jar:///usr/lib/jvm/java-12-oracle/lib/src.zip!/java.logging" type="simple" />
            <root url="jar:///usr/lib/jvm/java-12-oracle/lib/src.zip!/jdk.charsets" type="simple" />
            <root url="jar:///usr/lib/jvm/java-12-oracle/lib/src.zip!/jdk.compiler" type="simple" />
            <root url="jar:///usr/lib/jvm/java-12-oracle/lib/src.zip!/jdk.dynalink" type="simple" />
            <root url="jar:///usr/lib/jvm/java-12-oracle/lib/src.zip!/jdk.jconsole" type="simple" />
            <root url="jar:///usr/lib/jvm/java-12-oracle/lib/src.zip!/jdk.jsobject" type="simple" />
            <root url="jar:///usr/lib/jvm/java-12-oracle/lib/src.zip!/java.compiler" type="simple" />
            <root url="jar:///usr/lib/jvm/java-12-oracle/lib/src.zip!/java.net.http" type="simple" />
            <root url="jar:///usr/lib/jvm/java-12-oracle/lib/src.zip!/jdk.crypto.ec" type="simple" />
            <root url="jar:///usr/lib/jvm/java-12-oracle/lib/src.zip!/java.scripting" type="simple" />
            <root url="jar:///usr/lib/jvm/java-12-oracle/lib/src.zip!/jdk.httpserver" type="simple" />
            <root url="jar:///usr/lib/jvm/java-12-oracle/lib/src.zip!/jdk.jdwp.agent" type="simple" />
            <root url="jar:///usr/lib/jvm/java-12-oracle/lib/src.zip!/jdk.localedata" type="simple" />
            <root url="jar:///usr/lib/jvm/java-12-oracle/lib/src.zip!/jdk.management" type="simple" />
            <root url="jar:///usr/lib/jvm/java-12-oracle/lib/src.zip!/jdk.naming.dns" type="simple" />
            <root url="jar:///usr/lib/jvm/java-12-oracle/lib/src.zip!/jdk.naming.rmi" type="simple" />
            <root url="jar:///usr/lib/jvm/java-12-oracle/lib/src.zip!/java.instrument" type="simple" />
            <root url="jar:///usr/lib/jvm/java-12-oracle/lib/src.zip!/java.management" type="simple" />
            <root url="jar:///usr/lib/jvm/java-12-oracle/lib/src.zip!/java.sql.rowset" type="simple" />
            <root url="jar:///usr/lib/jvm/java-12-oracle/lib/src.zip!/java.xml.crypto" type="simple" />
            <root url="jar:///usr/lib/jvm/java-12-oracle/lib/src.zip!/jdk.internal.ed" type="simple" />
            <root url="jar:///usr/lib/jvm/java-12-oracle/lib/src.zip!/jdk.internal.le" type="simple" />
            <root url="jar:///usr/lib/jvm/java-12-oracle/lib/src.zip!/jdk.unsupported" type="simple" />
            <root url="jar:///usr/lib/jvm/java-12-oracle/lib/src.zip!/java.smartcardio" type="simple" />
            <root url="jar:///usr/lib/jvm/java-12-oracle/lib/src.zip!/jdk.internal.opt" type="simple" />
            <root url="jar:///usr/lib/jvm/java-12-oracle/lib/src.zip!/java.datatransfer" type="simple" />
            <root url="jar:///usr/lib/jvm/java-12-oracle/lib/src.zip!/jdk.accessibility" type="simple" />
            <root url="jar:///usr/lib/jvm/java-12-oracle/lib/src.zip!/jdk.hotspot.agent" type="simple" />
            <root url="jar:///usr/lib/jvm/java-12-oracle/lib/src.zip!/jdk.security.auth" type="simple" />
            <root url="jar:///usr/lib/jvm/java-12-oracle/lib/src.zip!/jdk.security.jgss" type="simple" />
            <root url="jar:///usr/lib/jvm/java-12-oracle/lib/src.zip!/java.security.jgss" type="simple" />
            <root url="jar:///usr/lib/jvm/java-12-oracle/lib/src.zip!/java.security.sasl" type="simple" />
            <root url="jar:///usr/lib/jvm/java-12-oracle/lib/src.zip!/jdk.internal.vm.ci" type="simple" />
            <root url="jar:///usr/lib/jvm/java-12-oracle/lib/src.zip!/jdk.management.jfr" type="simple" />
            <root url="jar:///usr/lib/jvm/java-12-oracle/lib/src.zip!/java.management.rmi" type="simple" />
            <root url="jar:///usr/lib/jvm/java-12-oracle/lib/src.zip!/java.transaction.xa" type="simple" />
            <root url="jar:///usr/lib/jvm/java-12-oracle/lib/src.zip!/jdk.crypto.cryptoki" type="simple" />
            <root url="jar:///usr/lib/jvm/java-12-oracle/lib/src.zip!/jdk.internal.jvmstat" type="simple" />
            <root url="jar:///usr/lib/jvm/java-12-oracle/lib/src.zip!/jdk.management.agent" type="simple" />
            <root url="jar:///usr/lib/jvm/java-12-oracle/lib/src.zip!/jdk.scripting.nashorn" type="simple" />
            <root url="jar:///usr/lib/jvm/java-12-oracle/lib/src.zip!/jdk.unsupported.desktop" type="simple" />
            <root url="jar:///usr/lib/jvm/java-12-oracle/lib/src.zip!/jdk.internal.vm.compiler" type="simple" />
            <root url="jar:///usr/lib/jvm/java-12-oracle/lib/src.zip!/jdk.scripting.nashorn.shell" type="simple" />
            <root url="jar:///usr/lib/jvm/java-12-oracle/lib/src.zip!/jdk.internal.vm.compiler.management" type="simple" />
          </root>
        </sourcePath>
      </roots>
      <additional />
    </jdk>
  </component>
</application>