<application>
  <component name="ProjectManager">
    <defaultProject>
      <component name="CheckStyle-IDEA">
        <option name="configuration">
          <map>
            <entry key="checkstyle-version" value="8.16" />
            <entry key="copy-libs" value="false" />
            <entry key="location-0" value="BUNDLED:(bundled):Sun Checks" />
            <entry key="location-1" value="BUNDLED:(bundled):Google Checks" />
            <entry key="scan-before-checkin" value="false" />
            <entry key="scanscope" value="JavaOnly" />
            <entry key="suppress-errors" value="false" />
          </map>
        </option>
      </component>
      <component name="CodeInsightWorkspaceSettings">
        <option name="optimizeImportsOnTheFly" value="true" />
      </component>
      <component name="ComposerJsonPluginSettings">
        <unboundedVersionInspectionSettings>
          <excludedPackages />
        </unboundedVersionInspectionSettings>
        <customRepositories />
        <composerUpdateOptions />
      </component>
      <component name="ComposerSettings">
        <execution>
          <executable path="/usr/bin/composer" />
        </execution>
      </component>
      <component name="CopyrightManager">
        <LanguageOptions name="JAVA">
          <option name="fileTypeOverride" value="1" />
        </LanguageOptions>
      </component>
      <component name="GitToolBoxProjectSettings">
        <option name="autoFetch" value="false" />
        <option name="autoFetchOnBranchSwitch" value="false" />
      </component>
      <component name="InspectionProjectProfileManager">
        <option name="PROJECT_PROFILE" value="Custom" />
        <option name="USE_PROJECT_PROFILE" value="false" />
        <version value="1.0" />
      </component>
      <component name="Jenkins.Application.Settings">
        <option name="serverUrl" value="http://jenkins.shoprocket.de" />
      </component>
      <component name="Jenkins.Settings">
        <option name="username" value="rene" />
        <option name="crumbData" value="40120b9a7e5bf1a698140f8473d8605f" />
        <option name="jenkinsVersion" value="VERSION_2" />
      </component>
      <component name="JsBowerSettings">
        <node-interpreter value="project" />
        <bower-package value="/usr/local/lib/node_modules/bower" />
        <bower.json value="" />
      </component>
      <component name="JsFlowSettings">
        <service-enabled>true</service-enabled>
        <exe-path />
        <other-services-enabled>true</other-services-enabled>
        <auto-save>true</auto-save>
      </component>
      <component name="MavenImportPreferences">
        <option name="importingSettings">
          <MavenImportingSettings>
            <option name="vmOptionsForImporter" value="-Xmx768m" />
          </MavenImportingSettings>
        </option>
      </component>
      <component name="PHPCodeSnifferProjectConfiguration">
        <option name="selectedConfigurationId" value="DEFAULT_INTERPRETER" />
      </component>
      <component name="PhpProjectSharedConfiguration" php_language_level="7.2" />
      <component name="ProjectDictionaryState">
        <dictionary name="rene" />
      </component>
      <component name="ProjectInspectionProfilesVisibleTreeState">
        <entry key="Project Default">
          <profile-state>
            <expanded-state>
              <State />
              <State>
                <id>Angular</id>
              </State>
              <State>
                <id>AnnotationPHP</id>
              </State>
              <State>
                <id>ArchitecturePhp Inspections (EA Extended)PHP</id>
              </State>
              <State>
                <id>Assignment issuesJavaScript</id>
              </State>
              <State>
                <id>Bitwise operation issuesJavaScript</id>
              </State>
              <State>
                <id>CSS</id>
              </State>
              <State>
                <id>Code SmellPHP</id>
              </State>
              <State>
                <id>Code StylePHP</id>
              </State>
              <State>
                <id>Code StylePhp Inspections (EA Extended)PHP</id>
              </State>
              <State>
                <id>Code quality toolsJavaScript</id>
              </State>
              <State>
                <id>Code style issuesJavaScript</id>
              </State>
              <State>
                <id>CoffeeScript</id>
              </State>
              <State>
                <id>CompatibilityPhp Inspections (EA Extended)PHP</id>
              </State>
              <State>
                <id>Composer.json</id>
              </State>
              <State>
                <id>ComposerPHP</id>
              </State>
              <State>
                <id>Confusing constructsPhp Inspections (EA Extended)PHP</id>
              </State>
              <State>
                <id>Control FlowPHP</id>
              </State>
              <State>
                <id>Control FlowPhp Inspections (EA Extended)PHP</id>
              </State>
              <State>
                <id>Control flow issuesJavaScript</id>
              </State>
              <State>
                <id>Cucumber</id>
              </State>
              <State>
                <id>DOM issuesJavaScript</id>
              </State>
              <State>
                <id>Data flowJavaScript</id>
              </State>
              <State>
                <id>DocBlocksJoomla!</id>
              </State>
              <State>
                <id>Dockerfile</id>
              </State>
              <State>
                <id>DotEnv</id>
              </State>
              <State>
                <id>ECMAScript 6 migration aidsJavaScript</id>
              </State>
              <State>
                <id>EditorConfig</id>
              </State>
              <State>
                <id>Error handlingJavaScript</id>
              </State>
              <State>
                <id>Error handlingPHP</id>
              </State>
              <State>
                <id>File Watchers</id>
              </State>
              <State>
                <id>Flow type checkerJavaScript</id>
              </State>
              <State>
                <id>FormSymfony</id>
              </State>
              <State>
                <id>General</id>
              </State>
              <State>
                <id>GeneralCoffeeScript</id>
              </State>
              <State>
                <id>GeneralJavaScript</id>
              </State>
              <State>
                <id>GeneralPHP</id>
              </State>
              <State>
                <id>HTML</id>
              </State>
              <State>
                <id>Ini Files</id>
              </State>
              <State>
                <id>Invalid elementsCSS</id>
              </State>
              <State>
                <id>JSON and JSON5</id>
              </State>
              <State>
                <id>JavaScript</id>
              </State>
              <State>
                <id>JavaScript function metricsJavaScript</id>
              </State>
              <State>
                <id>JavaScript validity issuesJavaScript</id>
              </State>
              <State>
                <id>Joomla!</id>
              </State>
              <State>
                <id>Language level migrationPhp Inspections (EA Extended)PHP</id>
              </State>
              <State>
                <id>Naming conventionsJavaScript</id>
              </State>
              <State>
                <id>Naming conventionsPHP</id>
              </State>
              <State>
                <id>Node.jsJavaScript</id>
              </State>
              <State>
                <id>PHP</id>
              </State>
              <State>
                <id>PHP Strict StandardsPHP</id>
              </State>
              <State>
                <id>PHPDocPHP</id>
              </State>
              <State>
                <id>PHPUnitPHP</id>
              </State>
              <State>
                <id>PerformancePhp Inspections (EA Extended)PHP</id>
              </State>
              <State>
                <id>Phing</id>
              </State>
              <State>
                <id>Php Inspections (EA Extended)PHP</id>
              </State>
              <State>
                <id>PhpUnitPhp Inspections (EA Extended)PHP</id>
              </State>
              <State>
                <id>Potentially confusing code constructsJavaScript</id>
              </State>
              <State>
                <id>Probable bugsCSS</id>
              </State>
              <State>
                <id>Probable bugsCoffeeScript</id>
              </State>
              <State>
                <id>Probable bugsJavaScript</id>
              </State>
              <State>
                <id>Probable bugsPHP</id>
              </State>
              <State>
                <id>Probable bugsPhp Inspections (EA Extended)PHP</id>
              </State>
              <State>
                <id>Quality toolsPHP</id>
              </State>
              <State>
                <id>RegExp</id>
              </State>
              <State>
                <id>Replaceable assignmentsPHP</id>
              </State>
              <State>
                <id>RouteSymfony</id>
              </State>
              <State>
                <id>SQL</id>
              </State>
              <State>
                <id>Sass/SCSS</id>
              </State>
              <State>
                <id>SecurityPhp Inspections (EA Extended)PHP</id>
              </State>
              <State>
                <id>ServiceSymfony</id>
              </State>
              <State>
                <id>Spelling</id>
              </State>
              <State>
                <id>Symfony</id>
              </State>
              <State>
                <id>TemplateSymfony</id>
              </State>
              <State>
                <id>TranslationSymfony</id>
              </State>
              <State>
                <id>TwigSymfony</id>
              </State>
              <State>
                <id>Type compatibilityPHP</id>
              </State>
              <State>
                <id>Type compatibilityPhp Inspections (EA Extended)PHP</id>
              </State>
              <State>
                <id>TypeScript</id>
              </State>
              <State>
                <id>UndefinedPHP</id>
              </State>
              <State>
                <id>UnusedPHP</id>
              </State>
              <State>
                <id>UnusedPhp Inspections (EA Extended)PHP</id>
              </State>
              <State>
                <id>Vue</id>
              </State>
              <State>
                <id>XML</id>
              </State>
              <State>
                <id>XPath</id>
              </State>
              <State>
                <id>XSLT</id>
              </State>
              <State>
                <id>YAML</id>
              </State>
              <State>
                <id>YamlSymfony</id>
              </State>
              <State>
                <id>docker-compose</id>
              </State>
            </expanded-state>
            <selected-state>
              <State>
                <id>Angular</id>
              </State>
            </selected-state>
          </profile-state>
        </entry>
        <entry key="Project Default copy">
          <profile-state>
            <expanded-state>
              <State />
            </expanded-state>
            <selected-state>
              <State>
                <id>Angular</id>
              </State>
            </selected-state>
          </profile-state>
        </entry>
      </component>
      <component name="ProjectLevelVcsManager">
        <ConfirmationsSetting value="1" id="Add" />
        <ConfirmationsSetting value="1" id="Remove" />
      </component>
      <component name="PropertiesComponent">
        <property name="last_opened_file_path" value="$USER_HOME$/git/configurations/dictionary/en.dic" />
        <property name="node.js.path.for.package.eslint" value="project" />
        <property name="node.js.path.for.package.jscs" value="project" />
        <property name="node.js.path.for.package.standard" value="project" />
        <property name="node.js.path.for.package.stylelint" value="project" />
        <property name="node.js.path.for.package.tslint" value="project" />
        <property name="node.js.selected.package.eslint" value="/usr/local/lib/node_modules/eslint" />
        <property name="node.js.selected.package.jscs" value="" />
        <property name="node.js.selected.package.standard" value="/usr/local/lib/node_modules/eslint" />
        <property name="node.js.selected.package.stylelint" value="" />
        <property name="node.js.selected.package.tslint" value="" />
        <property name="nodejs_interpreter_path.stuck_in_default_project" value="undefined stuck path" />
        <property name="nodejs_npm_path_reset_for_default_project" value="true" />
        <property name="settings.editor.selected.configurable" value="settings.saveactions" />
      </component>
      <component name="SaveActionSettings">
        <option name="actions">
          <set>
            <option value="activateOnShortcut" />
            <option value="noActionIfCompileErrors" />
            <option value="organizeImports" />
            <option value="fieldCanBeFinal" />
            <option value="localCanBeFinal" />
            <option value="localCanBeFinalExceptImplicit" />
            <option value="unqualifiedFieldAccess" />
            <option value="unqualifiedMethodAccess" />
            <option value="unqualifiedStaticMemberAccess" />
            <option value="missingOverrideAnnotation" />
            <option value="useBlocks" />
            <option value="generateSerialVersionUID" />
            <option value="suppressAnnotation" />
            <option value="unnecessarySemicolon" />
            <option value="accessCanBeTightened" />
          </set>
        </option>
        <option name="configurationPath" value="" />
      </component>
      <component name="SpellCheckerSettings" BundledDictionaries="0" Folders="2" Folder0="$USER_HOME$/git/configurations/dictionary" Folder1="$USER_HOME$/git/configurations/dictionary" CustomDictionaries="2" CustomDictionary0="$USER_HOME$/git/configurations/dictionary/de.dic" CustomDictionary1="$USER_HOME$/git/configurations/dictionary/en.dic" Dictionaries="0" CorrectionsLimit="5" DefaultDictionary="application-level" UseSingleDictionary="true" />
      <component name="SvnConfiguration">
        <configuration>$USER_HOME$/.subversion</configuration>
      </component>
      <component name="VagrantProjectSettings">
        <option name="instanceFolder" value="" />
        <option name="provider" value="" />
      </component>
      <component name="VcsManagerConfiguration">
        <option name="PERFORM_UPDATE_IN_BACKGROUND" value="false" />
        <option name="PERFORM_COMMIT_IN_BACKGROUND" value="false" />
        <option name="PERFORM_EDIT_IN_BACKGROUND" value="false" />
        <option name="PERFORM_CHECKOUT_IN_BACKGROUND" value="false" />
        <option name="PERFORM_ADD_REMOVE_IN_BACKGROUND" value="false" />
        <confirmRemoveEmptyChangelist value="1" />
      </component>
      <component name="masterDetails">
        <states>
          <state key="ProjectJDKs.UI">
            <settings>
              <last-edited>1.8</last-edited>
              <splitter-proportions>
                <option name="proportions">
                  <list>
                    <option value="0.2" />
                  </list>
                </option>
              </splitter-proportions>
            </settings>
          </state>
          <state key="ScopeChooserConfigurable.UI">
            <settings>
              <splitter-proportions>
                <option name="proportions">
                  <list>
                    <option value="0.2" />
                  </list>
                </option>
              </splitter-proportions>
            </settings>
          </state>
        </states>
      </component>
    </defaultProject>
  </component>
</application>