<?xml version="1.0" encoding="UTF-8"?>
<!DOCTYPE codetemplates PUBLIC "-//NetBeans//DTD Editor Code Templates settings 1.0//EN" "http://www.netbeans.org/dtds/EditorCodeTemplates-1_0.dtd">
<codetemplates>
    <codetemplate abbreviation="pr" remove="true"/>
    <codetemplate abbreviation="swi" remove="true"/>
    <codetemplate abbreviation="my_fo" remove="true"/>
    <codetemplate abbreviation="my_fr" remove="true"/>
    <codetemplate abbreviation="do" remove="true"/>
    <codetemplate abbreviation="fore" remove="true"/>
    <codetemplate abbreviation="while" remove="true"/>
    <codetemplate abbreviation="eco" remove="true"/>
    <codetemplate abbreviation="my_fa" remove="true"/>
    <codetemplate abbreviation="fnc" remove="true"/>
    <codetemplate abbreviation="if" remove="true"/>
    <codetemplate abbreviation="pfnc" remove="true"/>
    <codetemplate abbreviation="pclon" remove="true"/>
    <codetemplate abbreviation="ifnc" remove="true"/>
    <codetemplate abbreviation="cln" remove="true"/>
    <codetemplate abbreviation="pcon" remove="true"/>
    <codetemplate abbreviation="iter" remove="true"/>
    <codetemplate abbreviation="cls" remove="true"/>
    <codetemplate abbreviation="elif" remove="true"/>
    <codetemplate abbreviation="els" remove="true"/>
    <codetemplate abbreviation="prln" remove="true"/>
    <codetemplate abbreviation="prs" remove="true"/>
    <codetemplate abbreviation="iface" remove="true"/>
    <codetemplate abbreviation="pvfnc" remove="true"/>
    <codetemplate abbreviation="fcom" remove="true"/>
    <codetemplate abbreviation="prv" remove="true"/>
    <codetemplate abbreviation="vdoc" remove="true"/>
    <codetemplate abbreviation="trt" remove="true"/>
    <codetemplate abbreviation="inst" remove="true"/>
    <codetemplate abbreviation="ptfnc" remove="true"/>
    <codetemplate abbreviation="my_gc" remove="true"/>
    <codetemplate abbreviation="tryf" remove="true"/>
    <codetemplate abbreviation="forek" remove="true"/>
    <codetemplate abbreviation="tryc" remove="true"/>
    <codetemplate abbreviation="itdir" remove="true"/>
    <codetemplate abbreviation="thr" remove="true"/>
</codetemplates>
