<?xml version="1.0" encoding="UTF-8"?>
<!DOCTYPE codetemplates PUBLIC "-//NetBeans//DTD Editor Code Templates settings 1.0//EN" "http://www.netbeans.org/dtds/EditorCodeTemplates-1_0.dtd">
<codetemplates>
    <codetemplate abbreviation="decl" contexts="php-code" xml:space="preserve">
        <code><![CDATA[declare(strict_types=1);]]></code>
    </codetemplate>
    <codetemplate abbreviation="pmd" contexts="php-code" xml:space="preserve">
        <code><![CDATA[@SuppressWarnings(PHPMD.${cursor})]]></code>
    </codetemplate>
</codetemplates>
