<?xml version="1.0" encoding="UTF-8"?>
<!DOCTYPE fontscolors PUBLIC "-//NetBeans//DTD Editor Fonts and Colors settings 1.1//EN" "http://www.netbeans.org/dtds/EditorFontsColors-1_1.dtd">
<fontscolors>
    <fontcolor foreColor="ffa8c023" name="org-netbeans-spi-editor-hints-parser_annotation_todo"/>
    <fontcolor bgColor="ffdbd804" name="se-jocke-nb-eslint-jslintwarnannotation"/>
    <fontcolor name="PHPError" waveUnderlined="red"/>
    <fontcolor name="PinnedWatch"/>
    <fontcolor name="PHPNotice" waveUnderlined="ffc0c000"/>
    <fontcolor name="jshint-annotation" waveUnderlined="ffe1aa00"/>
    <fontcolor name="PHPWarning" waveUnderlined="ffc0c000"/>
    <fontcolor foreColor="ffa8c023" name="org-netbeans-spi-editor-hints-parser_annotation_todo_fixable"/>
    <fontcolor bgColor="ffa82a0d" name="se-jocke-nb-eslint-jslinterrorannotation"/>
</fontscolors>
